PAG-F1i27ZvSrTjZTH2MUOgGA,MIWJCLH05PUF,ログインへ,,page- ,
PAG-IEZRWmdBvnuGdl1qyXbka,EL3E8IVMKCUC,クーロン,実行,page-cron/run,
PAG-G0o2GUr9PJ2uQCtzCLcWm,MY-HM-001,管理ページ,,page-mypage,
PAG-Rq1r3bxwbd9mcTeYDy3et,MY-HM-002,ダッシュボード,,page-mypage dashboard,
PAG-CWWtcPIgKveqZNU4t546v,MY-NT-001,連絡帳 日付一覧,表示,page-mypage note,
PAG-MEpvoUsD87QLS8shxTG1G,MY-NT-010,連絡帳 詳細（一件）,表示,page-mypage note,
PAG-VmmZPny4FUOAd6NRbdayz,MY-CT-001,グラフ 月一覧,表示,page-mypage chart,
PAG-FoXp3W5kPqqFBM3UnCO4p,MY-CT-010,グラフ 詳細（1カ月）,表示,page-mypage chart,
PAG-TbilD9juPhKaz8tiLSZgm,MY-CTB-001,コンタクトボード ボード,表示,page-mypage board,
PAG-PaytvLj7jp9AYKPF3mQfN,MY-CTM-002,利用者 詳細,表示,page-mypage user,
PAG-ZCj20AM5l58tPW7YYFTh4,AD-HM-001,管理ページ,,page-admin,
PAG-ErAI52myPzKihwK4jrcPL,AD-HM-002,ダッシュボード,,page-admin dashboard,
PAG-NhRNRLox1VSXq43j0nYj2,AD-CTB-001,コンタクトボード 利用者一覧,表示,page-admin boards,
PAG-MwcBsuPadGyzE7clQhUU3,AD-CTB-002,コンタクトボード ボード,表示,page-admin board,
PAG-CYfWl50zfvoXVUabs1zc1,AD-CTM-001,利用者 一覧,表示,page-admin customer,
PAG-GmWYalNEro3rVpdncfxLW,AD-CTM-002,利用者 詳細,表示,page-admin customer,
PAG-V0BCKIniLU5wgl1fKs33W,AD-CTM-003,利用者,新規入力,page-admin customer,
PAG-ZqQaX0dugtXY75I7qP2DC,AD-CTM-005,利用者,挿入,page-admin customer,
PAG-FeeC54r3aCxqS2cnt0Hvv,AD-CTM-006,利用者,編集,page-admin customer,
PAG-BjgUlr6XHo9p4HbpiAnzf,AD-CTM-008,利用者,更新,page-admin customer,
PAG-Vlx2UgcV3V2NnX2CY1Svo,AD-CTM-009,利用者,削除,page-admin customer,
PAG-Sd9n9d7BLQ9SIbBArP8tN,AD-NT-001,連絡帳 利用者一覧,表示,page-admin note,
PAG-ETMoFZs94rhMPAzYnQfW5,AD-NT-010,連絡帳 日付一覧,表示,page-admin note,
PAG-IZ0jIef8DrxeCToKwrUVe,AD-NT-002,連絡帳 詳細（一件）,表示,page-admin note,
PAG-U1WpAJtFbbqKLBUnZYLir,AD-NT-003,連絡帳,新規入力,page-admin note,
PAG-VeE5iGu0xjLFUUiP03RAZ,AD-NT-005,連絡帳,挿入,page-admin note,
PAG-FyGouHQlNxiVhQgbPO6KP,AD-NT-006,連絡帳,編集,page-admin note,
PAG-BxbrovKt2QUpWa44B3TWA,AD-NT-008,連絡帳,更新,page-admin note,
PAG-YOWMs5oz0mum52L2eJynM,AD-NT-009,連絡帳,削除,page-admin note,
PAG-ORQkhFaweEuPygyyToZTn,AD-NT-020,連絡帳,DL,page-admin note,
PAG-KyBmvUA7uM4rMr312jHYT,AD-NT-021,連絡帳,PDF化,page-admin note,
PAG-MYf9fSmjYRrVijk7V12UV,AD-NT-022,連絡帳,CSV,page-admin note,
PAG-EopMyxb3wvummoygRekN3,AD-NT-030,連絡帳,まとめて入力する日,page-admin note,
PAG-O1q7J0qMVT6kphZnahAJ4,AD-NT-031,連絡帳,まとめて入力,page-admin note,
PAG-UnmAgQl8YMldv4HRsnf3o,XPZF2YJ5PPHU,,,,
PAG-VBR3QJiQT4XU3v3hsAfoG,AD-NT-032,連絡帳,まとめて挿入・更新,page-admin note,
PAG-QefNjtmmSLcn3ZhJz5wKF,AD-NT-033,連絡帳,まとめて表示,page-admin note,
PAG-YmCfJzRXi8aMeqI5T9OXD,AD-NT-041,連絡帳,まとめてPDF,page-admin note,
PAG-EFvnVvN6qCWvsKYnH1XsA,AD-CT-001,月別健康管理表,年月表示,page-admin chart,
PAG-Zh0vezEeHrNICOjnlmkyu,AD-CT-002,月別健康管理表,1か月表示,page-admin chart,
PAG-WreGgyFUadUi5Spb8HtKs,AD-AN-001,一斉メール 送信ログ,表示,page-admin announce,
PAG-H2fHymnGfor2ZYlO9ihP2,AD-AN-002,一斉メール 詳細,表示,page-admin announce,
PAG-RmXnUXkEJteHicOGLYt5L,AD-AN-003,一斉メール,新規入力,page-admin announce,
PAG-XVyg2EygwjER7JUusNYsr,AD-AN-004,一斉メール,確認,page-admin announce,
PAG-XPk5IhrI0F5CDKkigXAwQ,AD-AN-005,一斉メール,実行,page-admin announce,
PAG-OEFRsjeOm09ZSZTxerc5c,AD-AN-006,一斉メール,実行,page-admin announce,
PAG-CJA7C9oGDfwzFW17m0bm5,AD-WTH-001,お天気 ログ,表示,page-admin weather,
PAG-Pb4AB3bfxnUjKgNiOEBxC,AD-PM-000,ページメタ,一覧,page-admin pagemeta,
PAG-ZronpFZtQrCwCrRPDflIJ,AD-PM-020,ページメタ,新規,page-admin pagemeta,
PAG-OCOJqJtRzuMRs0uAnfayi,AD-PM-030,ページメタ,確認,page-admin pagemeta,
PAG-PYPAqLEr6G8IHr9KNE4W2,SYE128MDGD92,ページメタ,更新,page-admin pagemeta,
PAG-UmW5359pXTz4Se14PJoXg,AD-NS-001,更新情報 一覧,表示,page-admin news,
PAG-KiQZ2mItkKqGbs3cuQPp0,AD-NS-002,更新情報 詳細,表示,page-admin news,
PAG-ACWvBq67qJDJQ6ee4e52D,AD-NS-003,更新情報,新規入力,page-admin news,
PAG-BfDEzvD2IgUGixMBdXRYU,AD-NS-005,更新情報,挿入,page-admin news,
PAG-C2YDErPcT0efR6BoK6Ukr,AD-NS-006,更新情報,編集,page-admin news,
PAG-HFftcVEGJTjnn0mgdvxhK,AD-NS-008,更新情報,更新,page-admin news,
PAG-DNvybCwjJ8DDkWxl7yuI8,AD-NS-009,更新情報,削除,page-admin news,
PAG-TK9pbQmoruuL8v4UQyV8B,AD-NS-010,更新情報,公開,page-admin news,
PAG-IOVmSkmQzHwAaqpep3rJ9,AD-STF-001,スタッフ 一覧,表示,page-admin staff,
PAG-ZEzDz7u1p0BhYuw2Z30Ah,AD-STF-002,スタッフ 詳細,表示,page-admin staff,
PAG-N5iU3Xq1GxJMiW7vQYquv,AD-STF-003,スタッフ,新規入力,page-admin staff,
PAG-OSoePqKcPFYh764Jd8Y9V,AD-STF-005,スタッフ,挿入,page-admin staff,
PAG-Iz3Rl7wUsx5zD82X4cnn8,AD-STF-006,スタッフ,編集,page-admin staff,
PAG-Y8bhiuxUTycAqfbBBp95S,AD-STF-008,スタッフ,更新,page-admin staff,
PAG-IVMHrX2i3hglk6dYn5gvd,AD-STF-009,スタッフ,削除,page-admin staff,
PAG-GraFaaNE0AllEJcfOGQVl,AD-AUT-001,権限 一覧,表示,page-admin authority,
PAG-TJGmEVlET4Yn2MrDbf2iM,AD-AUT-003,権限,新規入力,page-admin authority,
PAG-VNZGehthgEWWhbrqCjAMc,AD-AUT-005,権限,挿入,page-admin authority,
PAG-BKbrplVYG2avxUufO9BWM,AD-AUT-006,権限,編集,page-admin authority,
PAG-A2w9bMZzZeomlI0vshUwu,AD-AUT-008,権限,更新,page-admin authority,
PAG-Thip2OU4s9NAO1SziUEUD,AD-AUT-009,権限,削除,page-admin authority,
PAG-PGpyZbsYHk9qNS4S3GzA8,AD-VMM-001,グラフ設定 一覧,表示,page-admin vital_minmax,
PAG-CgBDmcVp7b8FR68fKTo8T,AD-VMM-003,グラフ設定,新規入力,page-admin vital_minmax,
PAG-QuUPfo98AgrdQbtSRK7kw,AD-VMM-005,グラフ設定,挿入,page-admin vital_minmax,
PAG-X4pY1WcSoedpKQdWNEHBM,AD-VMM-006,グラフ設定,編集,page-admin vital_minmax,
PAG-OGNixTYHfO8woEtPcXbqZ,AD-VMM-008,グラフ設定,更新,page-admin vital_minmax,
PAG-GiEjKPe26RA7iGT9hxHm5,AD-VMM-009,グラフ設定,削除,page-admin vital_minmax,
PAG-C0hKvD89Q71fHFKNJicx5,AD-NBT-001,入浴マスタ 一覧,表示,page-admin note_bathing,
PAG-WRapWeyQEUPaurStxV0Mn,AD-NBT-003,入浴マスタ,新規入力,page-admin note_bathing,
PAG-EUWKgMQJYy2mSfT57IFfM,AD-NBT-005,入浴マスタ,挿入,page-admin note_bathing,
PAG-O4XmsJdMJTGX0P1LKoAFe,AD-NBT-006,入浴マスタ,編集,page-admin note_bathing,
PAG-Bc0M4KlyXCtoeZKeWM5pZ,AD-NBT-008,入浴マスタ,更新,page-admin note_bathing,
PAG-Nzbd6ocuXySbFBjBCkZap,AD-NBT-009,入浴マスタ,削除,page-admin note_bathing,
PAG-LB9JvaPT70mGt8Axfcg6u,AD-NNL-001,爪切りマスタ 一覧,表示,page-admin note_nail,
PAG-KpOQhoSBVqgiCBTPJ9wJD,AD-NNL-003,爪切りマスタ,新規入力,page-admin note_nail,
PAG-C9M5dHRdZ1xRFQBrmGt8b,AD-NNL-005,爪切りマスタ,挿入,page-admin note_nail,
PAG-Da0GEzWrzpkDm5RyXReP8,AD-NNL-006,爪切りマスタ,編集,page-admin note_nail,
PAG-GVuNrr2Vf6VXThaWzwdQz,AD-NNL-008,爪切りマスタ,更新,page-admin note_nail,
PAG-MzlL22JkbEhFAZ0uRnS3W,AD-NNL-009,爪切りマスタ,削除,page-admin note_nail,
PAG-YdzYb1dcz2y7ZLjW8tjic,AD-NRH-001,リハビリマスタ 一覧,表示,page-admin note_reha,
PAG-CE9r6YX1rHh1U2Tq68Bpo,AD-NRH-003,リハビリマスタ,新規入力,page-admin note_reha,
PAG-DYZXtT61ZCZAhfkttJ4t0,AD-NRH-005,リハビリマスタ,挿入,page-admin note_reha,
PAG-Q3dCUA7MgGHpblm318GOU,AD-NRH-006,リハビリマスタ,編集,page-admin note_reha,
PAG-J1uHED8poojI61ymI0FOe,AD-NRH-008,リハビリマスタ,更新,page-admin note_reha,
PAG-EVs5i2RcmAz8k8pcJSaF5,AD-NRH-009,リハビリマスタ,削除,page-admin note_reha,
PAG-P5duPQTH57Jn2b4SW7k9W,AD-NML-001,食事マスタ 一覧,表示,page-admin note_meal,
PAG-AQnavqDowcRZ6A4UXw9cH,AD-NML-003,食事マスタ,新規入力,page-admin note_meal,
PAG-LdowxHVo4GJxSFURV4Tik,AD-NML-005,食事マスタ,挿入,page-admin note_meal,
PAG-JK1Py6dppXLnpLtliDmAu,AD-NML-006,食事マスタ,編集,page-admin note_meal,
PAG-YnVa8a4U39rlsqINDZNxh,AD-NML-008,食事マスタ,更新,page-admin note_meal,
PAG-EvCUiA1osbYETCqKWTbIf,AD-NML-009,食事マスタ,削除,page-admin note_meal,
PAG-CZpzm2PCRtZDaLivdVtTh,AD-NRC-001,レクマスタ 一覧,表示,page-admin note_recreation,
PAG-CTpWOt3pbfk44d5LbIcVw,AD-NRC-003,レクマスタ,新規入力,page-admin note_recreation,
PAG-UsfQjOWtDISFd94KYgnu0,AD-NRC-005,レクマスタ,挿入,page-admin note_recreation,
PAG-TXXTEDQU2cM9WwRZBQ0q4,AD-NRC-006,レクマスタ,編集,page-admin note_recreation,
PAG-AQ3WdC3aivJxehLaNan2e,AD-NRC-008,レクマスタ,更新,page-admin note_recreation,
PAG-JyHbOnjupyIUdwIfJO0QX,AD-NRC-009,レクマスタ,削除,page-admin note_recreation,
PAG-L4uMB9fblP7wx5t8ig4qn,AD-NMC-001,口腔ケアマスタ 一覧,表示,page-admin note_mouthcare,
PAG-Hl2alYwuLEahz5TrPkCJF,AD-NMC-003,口腔ケアマスタ,新規入力,page-admin note_mouthcare,
PAG-QbsNvEyLmojndMYzDDaNT,AD-NMC-005,口腔ケアマスタ,挿入,page-admin note_mouthcare,
PAG-UNyzcvQwCmSgFmsFxE53T,AD-NMC-006,口腔ケアマスタ,編集,page-admin note_mouthcare,
PAG-WpBUbXtlUlzTJGZGRFB4Q,AD-NMC-008,口腔ケアマスタ,更新,page-admin note_mouthcare,
PAG-V0IlUMgvdDkvGOBiD10wl,AD-NMC-009,口腔ケアマスタ,削除,page-admin note_mouthcare,
PAG-UIkYK9mW5v3WYctLGC7AF,AD-NTP-001,定型文マスタ 一覧,表示,page-admin note_template,
PAG-DmjQrK4XIiVYcYuIDq0zO,AD-NTP-003,定型文マスタ,新規入力,page-admin note_template,
PAG-LANQNcedVDzCvrQI9IoFQ,AD-NTP-005,定型文マスタ,挿入,page-admin note_template,
PAG-WdaVh5ZSMoQiLlfSOdWsC,AD-NTP-006,定型文マスタ,編集,page-admin note_template,
PAG-HR7nKhqkGoPanGeTp3LNn,AD-NTP-008,定型文マスタ,更新,page-admin note_template,
PAG-ZQUgR3lHL9dG3sQeBXarn,AD-NTP-009,定型文マスタ,削除,page-admin note_template,
PAG-NEeCathTbcocLdoR7zkLF,AD-NAG-001,あいさつ文マスタ 一覧,表示,page-admin note_agree,
PAG-NuizB6COXjDNuyJf2dPFl,AD-NAG-006,あいさつ文マスタ,編集,page-admin note_agree,
PAG-FpOUGy75qhUUUfuiI5XcW,AD-NAG-008,あいさつ文マスタ,更新,page-admin note_agree,
PAG-SQLWWEWqA36tnQClM1kgS,AD-FL-001,施設 一覧,表示,page-admin facility,
PAG-CrnYRXhR3WoyBcbVdEt3T,AD-FL-003,施設,新規入力,page-admin facility,
PAG-RaVs1LMZaHk5nCx3jF0Cm,AD-FL-005,施設,挿入,page-admin facility,
PAG-Su9oQgBduwXAPWJoZqqpR,AD-FL-006,施設,編集,page-admin facility,
PAG-QYjChEA8jXdc3xvmJP1NL,AD-FL-008,施設,更新,page-admin facility,
PAG-L0kQQgyzFBvkb0cTfPzk7,AD-FL-009,施設,削除,page-admin facility,
PAG-QdjcuFLYhn1SMZWHVndAD,BDRS3UCCKES6,非同期通信 ファイルをアップ,単,page-ajax upload_file,
PAG-VueWwRJ9jU8TcZNWLJVcc,KN23PF78R6NJ,非同期通信 コンタクトボード,10件取得,page-ajax get_over10,
PAG-ZO1Mbjj4qvua8Jhjqe4hx,H19SYSQOC9HO,非同期通信 コンタクトボード,送信,page-ajax put_message,
PAG-JMfHwZbU4iUshMYjYY0Kt,YLRNCQ5S37A3,非同期通信 コンタクトボード,削除,page-ajax delete_message,
PAG-ZV4Fx24dUthCbXykaI3Sj,ZMWAPWYK9194,非同期通信 コンタクトボード,ファイル送信,page-ajax upload_file_and_put_board_file,
PAG-JzRdIUQE5RJpy2kpiHzja,I8RE7Y4KHAAP,非同期通信 コンタクトボード,メッセージ更新,page-ajax refresh_messages,
PAG-IYp9NYFG2do2uwK23WXrO,P4UK0G3O1ZV4,非同期通信 コンタクトボード,未読数取得,page-ajax get_unread_count,
PAG-AdFNiOuToU7mvbZ6hU4p9,LI0MVPVX9KE1,非同期通信 連絡帳,,page-ajax remove_note_creates,
PAG-NDUvWntUjx1ctAJTF346i,AS9LWCW6HC4X,非同期通信 連絡帳,,page-ajax add_note_creates,
